이름,연락처,주소
강성아자매,010-6563-7290,"대전 서구 청사로 281 (둔산동, 샘머리아파트2단지)"
강예은자매,010-8892-7290,"대전 유성구 은구비남로 13 (지족동, SK허브)"
고수빈자매,010-2779-1723,"대전 중구 태평로 15 (태평동, 버드내마을아파트)"
고유미자매,,
고은자매,010-9733-1240,"대전 동구 우암로 133 (삼성동, 주공삼성타운아파트)"
고현빈자매,010-5838-1723,"대전 중구 태평로 15 (태평동, 버드내마을아파트)"
공현호형제,010-3201-2231,"대전 중구 평촌로 93 (태평동, 쌍용예가아파트)"
구나경자매,010-7133-0842,"대전 유성구 상대복용로29번길 52 (상대동, 대전아이파크시티 1단지)"
구나연자매,010-4705-2072,"대전 서구 만년로 45 (만년동, 초원아파트)"
구우림형제,010-5825-2804,"대전 유성구 봉명로 94 (봉명동, 도안신도시7단지예미지백조의호수)"
구한빈형제,010-4485-2804,"대전 유성구 봉명로 94 (봉명동, 도안신도시7단지예미지백조의호수)"
권지연자매,010-5788-4544,"대전 서구 청사로 5 (월평동, 하나로아파트)"
권혜진자매,010-4169-6691,"대전 유성구 가정로 43 (신성동, 삼성한울아파트)"
기춘영형제,010-2863-5078,대전 중구 계룡로921번길 17 (대사동)
김건영형제,010-7774-1265,"대전 서구 갈마로211번길 16 (괴정동, 리베라아트빌라)"
김건우형제,010-2215-1166,"대전 유성구 월드컵대로290번길 20 (상대동, 목련아파트2단지)"
김경운형제,010-2125-4151,"대전 중구 계백로1686번길 51 (문화동, 효성상아아파트)"
김권형제,010-7183-6842,대전 서구 신갈마로240번길 15 (갈마동)
김기웅형제,010-9867-5529,대전 유성구 가정로 141 (장동)
김나래자매,010-9287-7817,"대전 서구 월평동로 83 (월평동, 다모아아파트)"
김동철형제,010-7539-3466,"대전 서구 관저서로 20 (관저동, 구봉마을9단지)"
김동훈형제,010-5465-3182,대전 서구 계룡로264번길 64 (월평동)
김민성형제,010-8993-7874,대전 유성구 노은서로104번길 10 (노은동)
김민종형제,010-2264-9104,"대전 유성구 자운로97번길 359 (신봉동, 자운대아파트1단지)"
김민지자매,010-2980-1240,
김민체형제,,"대전 서구 관저로 51 (관저동, 구봉마을)"
김사랑형제,010-4460-5854,
김상우형제,010-9438-1317,"대전 유성구 진잠로42번길 30 (원내동, 한아름아파트)"
김서현자매,010-2692-3328,"대전 대덕구 대청로 43 (신탄진동, 대전 동일스위트 리버스카이 1단지)"
김선우형제,010-4412-7033,대전 서구 도학4길 3 (도마동)
김선율자매,,"충남 계룡시 서금암5길 9 (금암동, 신성미소지움2차아파트)"
김설랑형제,,"대전 동구 동산초교로55번길 20 (홍도동, 신동아파밀리에아파트3단지)"
김설아자매,010-5181-0178,"대전 동구 동산초교로55번길 20 (홍도동, 신동아파밀리에아파트3단지)"
김성겸형제,010-5524-7388,"대전 유성구 도안대로 560 (봉명동, 도안마을1단지)"
김소라자매,010-2093-0952,"대전 서구 정림로 11 (정림동, 늘푸른아파트)"
김수빈자매,010-2956-3630,대전 유성구 대학로 291 (구성동)
김승규형제,010-5340-3947,충남 계룡시 두마면 대실남북로 81 (계룡자이)
김시은자매,010-2553-6027,대전 동구 계족로437번길 24 (용전동)
김신영형제,010-8691-9179,대전 유성구 봉산로 10 (봉산동)
김예린자매,010-5408-9179,대전 유성구 신성남로 89 (신성동)
김예성형제,010-5480-8917,대전 유성구 동서대로 125 (덕명동)
김예솔자매,010-8428-6653,"대전 유성구 은구비로 31 (지족동, 열매마을 아파트 5단지)"
김예원자매,,대전 서구 갈마중로 25-17 (갈마동)
김예은자매,,대전 서구 갈마중로 25-17 (갈마동)
김예은자매,010-5179-3947,충남 계룡시 두마면 대실남북로 81 (계룡자이)
김유진자매,010-4691-1307,"대전 유성구 진잠로42번길 30 (원내동, 한아름아파트)"
김유진자매,010-4330-7388,"대전 유성구 도안대로 265 (용계동, 도안우미린트리쉐이드)"
김윤성형제,010-3705-1767,
김윤아자매,010-3799-8926,대전 서구 월평서로6번길 49-16 (월평동)
김윤중형제,010-4082-6978,
김은서자매,,"세종특별자치시 시청대로 236 (소담동, 새샘마을3단지)"
김은혜자매,010-8280-8492,"대전 서구 월드컵대로484번길 82-11 (월평동, 대한예수교침례회대전교회 사택)"
김은혜자매,010-8403-9228,
김의성형제,010-8319-0692,"대전 유성구 문화원로37번길 48 (궁동, 발트하우스)"
김이삭형제,010-9063-9179,"대전 유성구 대정로28번안길 80 (대정동, 대전드리움아파트2단지)"
김이슬자매,010-3699-9180,"대전 유성구 대정로28번안길 80 (대정동, 대전드리움아파트2단지)"
김인형자매,010-3421-2184,대전 서구 혜천로 100 (복수동)
김인혜자매,010-4099-9508,"대전 서구 관저동로 42 (관저동, 느리울마을아파트13단지)"
김재희자매,010-7170-6805,"대전 중구 계백로1716번길 87 (문화동, 센트럴파크3단지아파트)"
김재희자매,010-7587-3907,대전 서구 도안북로 88 (도안동)
김주현자매,010-4223-7377,"대전 대덕구 대청로 43 (신탄진동, 대전 동일스위트 리버스카이 1단지)"
김준수형제,010-8933-8152,"대전 대덕구 계족로761번길 24 (읍내동, 현대아파트)"
김지연자매,010-3924-1265,"대전 서구 갈마로211번길 16 (괴정동, 리베라아트빌라)"
김지영자매,010-2726-3457,"대전 서구 관저서로 19 (관저동, 관저더샵)"
김지윤자매,010-4121-9502,"대전 서구 갈마로211번길 16 (괴정동, 리베라아트빌라)"
김지훈형제,010-2369-8991,"대전 서구 월평북로 13 (월평동, 은뜰마을)"
김지희자매,010-8280-3419,"대전 서구 월평북로 13 (월평동, 은뜰마을)"
김진영자매,010-5142-6805,"대전 서구 관저서로 19 (관저동, 관저더샵)"
김채연자매,010-7216-8637,"대전 유성구 계룡로105번길 20 (봉명동, 케이타운)"
김채영자매,010-7126-3798,"대전 서구 관저남로 80 (관저동, 관저어반힐스)"
김채원형제,010-6779-9006,"대전 유성구 배울2로 133 (용산동, 경남아너스빌 2단지 아파트)"
김채정자매,010-4476-0015,"대전 유성구 배울2로 133 (용산동, 경남아너스빌 2단지 아파트)"
김택현형제,010-8228-1788,대전 서구 계룡로367번길 39-1 (갈마동)
김하나자매,010-8428-2851,대전 서구 도솔로 190-1 (도마동)
김하은자매,010-3605-8492,"대전 서구 월드컵대로484번길 82-11 (월평동, 대한예수교침례회대전교회 사택)"
김현성형제,010-2660-6708,
노경서자매,010-5243-7590,"대전 서구 월평북로 13 (월평동, 은뜰마을)"
노수환형제,010-7279-7539,"대전 중구 대둔산로420번길 46 (산성동, 쌍용빌라)"
노유민형제,010-2115-9541,대전 서구 관저동로 158 (관저동)
노해영자매,010-9467-7791,"대전 유성구 온천로 26 (봉명동, 리베라 아이누리2 도시형생활주택)"
노현준형제,010-2574-6296,
문대현형제,010-8905-0091,"대전 서구 정림로 55 (정림동, 우성아파트1차)"
문준호형제,010-3173-8161,"대전 유성구 도안동로 422 (원신흥동, 갑천1BL 트리풀시티 힐스테이트)"
민예은자매,010-3088-9179,"대전 중구 태평로 35 (태평동, 버드내마을아파트2단지)"
민하은자매,010-7610-0091,"대전 중구 태평로 35 (태평동, 버드내마을아파트2단지)"
민현준형제,010-4535-0091,"대전 중구 태평로 35 (태평동, 버드내마을아파트2단지)"
민혜찬형제,010-3947-5426,"대전 서구 도안동로 177 (도안동, 도안신도시 수목토 APT)"
박건하형제,010-4524-0941,"대전 유성구 대정로28번길 50 (대정동, 대전드리움아파트1단지)"
박경희자매,010-6325-3678,
박고은자매,010-8514-8271,
박광민형제,010-3938-7316,"대전 대덕구 대덕대로 1587 (석봉동, 금강로하스 엘크루아파트)"
박나래자매,010-6294-5506,대전 서구 배재로 155-40 (도마동)
박대권형제,010-8685-5249,"대전 서구 관저남로 80 (관저동, 관저어반힐스)"
박명선자매,010-3432-9365,대전 서구 제비네3길 74 (도마동)
박민구형제,010-5433-4645,"대전 유성구 장대로71번길 34 (장대동, 장대푸르지오)"
박병호형제,010-8536-5124,"대전 대덕구 대덕대로 1587 (석봉동, 금강로하스 엘크루아파트)"
박상은형제,010-2858-4442,대전 유성구 문화원로19번길 26-9 (장대동)
박서연자매,010-4803-5540,"대전 서구 청사로 269 (둔산동, 은초롱아파트)"
박선현자매,010-2284-2312,대전 유성구 온천로 45 (봉명동)
박성수형제,010-6818-4218,
박성열형제,010-5732-1051,"대전 서구 월드컵대로484번길 82-11 (월평동, 대한예수교침례회대전교회 사택)"
박소영자매,010-3188-9101,"대전 유성구 월드컵대로290번길 20 (상대동, 목련아파트2단지)"
박수현형제,010-6688-1432,"대전 유성구 상대로 17 (상대동, 도안신도시 한라비발디 아파트)"
박시온형제,010-5777-0809,
박예은자매,010-9179-0541,"대전 서구 월드컵대로484번길 82-11 (월평동, 대한예수교침례회대전교회 사택)"
박예은자매,010-7560-7409,대전 중구 산성로 21-1 (산성동)
박예은자매,010-5254-7831,"대전 동구 대전로448번길 11 (가오동, 주공아파트)"
박우림자매,010-5638-0904,
박원근형제,010-7608-7409,대전 중구 산성로 21-1 (산성동)
박유리자매,,대전 대덕구 중리북로31번길 68 (중리동)
박은혜자매,010-6289-7240,"대전 유성구 문화원로 13 (장대동, 드림월드아파트)"
박인수형제,010-2535-6149,"대전 대덕구 중리서로 31 (중리동, 영진로얄아파트)"
박정기형제,010-3977-8311,"대전 유성구 노은서로210번길 32 (지족동, 열매마을아파트4단지)"
박종훈형제,010-2456-3978,대전 대덕구 중리북로31번길 68 (중리동)
박주은자매,,"대전 유성구 상대로 17 (상대동, 도안신도시 한라비발디 아파트)"
박준서형제,010-8680-6610,대전 서구 월평중로24번길 31 (월평동)
박중현형제,010-5934-7405,"대전 서구 문예로 174 (둔산동, 샘머리아파트)"
박지민형제,010-8537-9818,
박지수형제,010-9595-8934,
박지윤자매,010-4399-7174,대전 대덕구 한남로38번길 31 (오정동)
박찬미자매,010-2918-8675,"대전 대덕구 대덕대로 1587 (석봉동, 금강로하스 엘크루아파트)"
박형인형제,010-4797-0807,"대전 유성구 반석서로 109 (반석동, 반석마을7단지아파트)"
박형준형제,010-2849-0807,"대전 유성구 반석서로 109 (반석동, 반석마을7단지아파트)"
박혜연자매,010-2726-6149,"대전 대덕구 중리서로 31 (중리동, 영진로얄아파트)"
방상훈형제,010-2262-8961,
방성진형제,010-9883-2203,"대전 서구 정림서로 162-15 (정림동, 우성아파트2차)"
방희진자매,010-8139-2202,"대전 서구 정림서로 162-15 (정림동, 우성아파트2차)"
배성현형제,010-7663-3860,"대전 서구 월드컵대로484번길 82-11 (월평동, 대한예수교침례회대전교회 사택)"
배우진형제,010-7361-6466,대전 유성구 문화원로47번길 21 (궁동)
배의현형제,010-4748-0153,"대전 서구 월드컵대로484번길 82-11 (월평동, 대한예수교침례회대전교회 사택)"
배희진자매,010-4593-1190,"대전 서구 복수중로 30 (복수동, 오량마을마루미)"
백은솔자매,010-7417-2610,
사걸머걸형제,,
서강혁형제,010-3379-4611,"대전 유성구 지족로 362 (지족동, 반석마을아파트3단지)"
서유진자매,010-5413-0512,"대전 유성구 상대로 40 (상대동, 도안휴먼시아4단지)"
서정범형제,010-6899-3594,"대전 유성구 상대로 40 (상대동, 도안휴먼시아4단지)"
서효주자매,010-4339-3297,"대전 서구 정림로 55 (정림동, 우성아파트1차)"
소은빈자매,010-6603-7278,"대전 서구 관저북로 80 (관저동, 원앙마을2단지)"
소은채자매,010-7343-6266,"대전 서구 구봉산북로 52 (관저동, 관저더샵2차)"
소재권형제,010-6659-9182,대전 유성구 대학로75번길 58 (궁동)
손광진형제,010-9943-1926,대전 동구 한밭대로1237번길 67 (용전동)
손보미자매,010-4221-5118,"대전 유성구 상대로 40 (상대동, 도안휴먼시아4단지)"
손유지자매,010-5654-4500,
손지우자매,010-4719-1583,
송도연자매,010-6594-0135,대전 유성구 월드컵대로289번길 51 (구암동)
송민주자매,010-3022-0135,대전 유성구 월드컵대로289번길 51 (구암동)
송수진자매,010-5665-4417,"대전 중구 중앙로 45 (선화동, 센트럴뷰아파트)"
송유찬형제,010-8803-8643,대전 서구 배재로 99-11 (도마동)
송재선자매,010-9405-3936,"대전 대덕구 대덕대로 1587 (석봉동, 금강로하스 엘크루아파트)"
송주영자매,010-7705-1324,대전 서구 한밭대로570번길 12-40 (월평동)
송준혁형제,010-9687-0179,대전 서구 한밭대로570번길 12-40 (월평동)
송지은자매,010-2898-2892,"대전 서구 청사서로 29 (월평동, 샛별아파트)"
신동혁형제,010-5190-1596,대전 유성구 대학로 291 (구성동)
신민성형제,010-3052-2239,"대전 서구 동서대로 967 (내동, 코오롱아파트)"
신민철형제,010-2418-5180,
신소연자매,010-5848-1725,"대전 서구 계룡로320번길 52 (갈마동, 소망빌라)"
신우재형제,010-6511-2239,"대전 중구 목동로 37 (목동, 목양마을아파트)"
신우진형제,010-3233-2239,"대전 중구 목동로 37 (목동, 목양마을아파트)"
신재민형제,010-3863-8796,"대전 유성구 문화원로37번길 48 (궁동, 발트하우스)"
신정수형제,,
신희재형제,,"대전 서구 관저서로 19 (관저동, 관저더샵)"
안경연형제,010-7627-7444,대전 서구 신갈마로 176 (갈마동)
양대원형제,010-5955-1363,"세종특별자치시 국책연구원1로 15 (소담동, 새샘마을9단지)"
양병건형제,010-2578-4519,대전 서구 용소로54번길 40 (도안동)
양병석형제,010-2667-4519,"대전 유성구 봉명로 93 (봉명동, 도안6단지 센트럴시티)"
양종민형제,010-9602-2303,
양주영형제,010-6585-3299,대전 서구 월평서로6번길 9-9 (월평동)
양지은자매,010-5407-7366,"대전 서구 계룡로264번길 4 (월평동, 월평타운)"
양지혁형제,010-5408-7366,"대전 서구 계룡로264번길 4 (월평동, 월평타운)"
양현중형제,010-4050-7320,
양희범형제,010-7762-1511,"대전 서구 복수동로 21-19 (복수동, 초록마을1단지)"
엄인선자매,010-3090-1493,"대전 서구 갈마중로7번길 42 (갈마동, 동산맨션)"
엄하람형제,010-7557-1493,"대전 서구 갈마중로7번길 42 (갈마동, 동산맨션)"
염의진형제,,"대전 유성구 진잠로42번길 30 (원내동, 한아름아파트)"
오승택형제,010-3381-8617,
오시연자매,010-9170-0093,"대전 서구 구봉산북로 165 (관저동, 다온숲3단지)"
오여경자매,010-3804-1055,대전 서구 월평서로25번길 78 (월평동)
오영진형제,010-9990-3409,"대전 서구 청사서로 29 (월평동, 샛별아파트)"
오영현형제,,
오지수형제,010-4230-3207,
오혜수자매,010-5405-4301,"대전 유성구 용산1로 99 (용산동, 호반써밋그랜드파크 4BL)"
오혜원자매,010-5090-4301,"대전 유성구 용산1로 99 (용산동, 호반써밋그랜드파크 4BL)"
오혜진자매,010-7797-4301,"대전 유성구 용산1로 99 (용산동, 호반써밋그랜드파크 4BL)"
우상희자매,010-6302-5579,
원동우형제,010-5424-4742,"대전 유성구 도안대로 560 (봉명동, 도안마을1단지)"
원동회형제,010-2229-4742,"대전 유성구 도안대로 560 (봉명동, 도안마을1단지)"
원용재형제,010-6298-0351,대전 유성구 유성대로 757-5 (장대동)
원은서자매,010-9790-7809,
유건희형제,,
유리아자매,,"대전 서구 청사서로 29 (월평동, 샛별아파트)"
유병조형제,010-9405-4101,"대전 서구 계룡로 520 (탄방동, 둔산자이아이파크)"
유서경자매,010-3700-2262,"대전 유성구 봉명로 48 (원신흥동, 인스빌리베라)"
유서진자매,010-7502-2282,"대전 유성구 봉명로 48 (원신흥동, 인스빌리베라)"
유성일형제,010-7551-2778,대전 유성구 동서대로 125 (덕명동)
유이레자매,010-3210-7225,"대전 유성구 덕명로 26 (덕명동, 운암네오미아아파트)"
유정민형제,010-3917-2981,"대전 중구 대둔산로420번길 51 (산성동, 해주그린하이츠)"
윤민호형제,010-7404-7698,대전 유성구 동서대로 125 (덕명동)
윤빈자매,010-6691-7633,"대전 유성구 문화원로 131 (봉명동, 투유2)"
윤소담자매,010-6619-3883,"대전 유성구 봉명로 48 (원신흥동, 인스빌리베라)"
윤소현자매,010-2434-9550,"대전 유성구 봉명로 48 (원신흥동, 인스빌리베라)"
윤예담자매,010-9201-9550,"대전 유성구 봉명로 48 (원신흥동, 인스빌리베라)"
윤은지자매,010-4622-1932,대전광역시 서구 계룡로367번길 107 (갈마동)
윤준식형제,010-3369-8394,"대전 대덕구 대청로 43 (신탄진동, 대전 동일스위트 리버스카이 1단지)"
이경민형제,,
이규종형제,010-2715-9179,"대전 동구 가양남로13번길 56 (가양동, 우정빌라)"
이기안자매,010-5898-6488,대전 서구 관저동로 158 (관저동)
이다연자매,010-4012-4778,"대전 서구 도안북로 125 (도안동, 금성백조 예미지 아파트)"
이보은자매,010-6487-7597,"대전 서구 관저로 84 (관저동, 구봉마을 8단지)"
이보현자매,010-5092-5357,"대전 동구 계족로517번길 29 (용전동, 대성하이츠 B동)"
이상명형제,010-2486-1484,
이상준형제,010-8965-2884,
이서현자매,010-8269-1190,"대전 서구 가장로 107 (가장동, 삼성래미안아파트)"
이설자매,010-2112-3542,"대전 서구 월평동로 45 (월평동, 진달래아파트)"
이소영자매,010-4234-0821,대전 유성구 동서대로 125 (덕명동)
이수미자매,010-8119-7174,대전 유성구 원신흥로40번길 19 (원신흥동)
이수민형제,010-8403-9751,"대전 서구 관저북로 80 (관저동, 원앙마을2단지)"
이수영형제,010-6426-5357,대전광역시 동구 동중앙로79번길 35 (가양동)
이승연자매,010-8107-1260,"대전 중구 보문산로161번길 56 (문화동, 삼성푸른아파트)"
이시은자매,,"대전 서구 탄방로 131 (용문동, 둔산더샵엘리프 2단지)"
이영인형제,010-4789-2824,"대전 서구 관저로 84 (관저동, 구봉마을 8단지)"
이예슬자매,010-3936-2006,대전 서구 관저동로 158 (관저동)
이요한형제,010-2722-6192,
이용연형제,010-3144-7606,"대전 서구 청사서로 29 (월평동, 샛별아파트)"
이우찬형제,010-2407-0680,"대전 유성구 용산1로 99 (용산동, 호반써밋그랜드파크 4BL)"
이우철형제,010-8409-0680,"대전 유성구 용산1로 99 (용산동, 호반써밋그랜드파크 4BL)"
이윤서자매,010-2634-0429,"대전 유성구 상대로 16 (상대동, 도안신도시5블록트리풀시티아파트)"
이은서자매,010-7633-6402,"대전 중구 목동로 70 (목동, 올리브힐아파트)"
이은성형제,010-7258-0135,
이은지자매,010-7639-9135,대전 서구 관저동로 158 (관저동)
이재연형제,010-4609-7606,"대전 서구 청사서로 29 (월평동, 샛별아파트)"
이재영자매,010-2662-8545,
이재원형제,010-4085-1190,"대전 서구 가장로 107 (가장동, 삼성래미안아파트)"
이재일형제,010-9904-1745,
이정우형제,010-9866-6035,"대전 서구 청사로 5 (월평동, 하나로아파트)"
이종환형제,010-4292-1423,"대전 유성구 동서대로 725 (원신흥동, 어울림하트)"
이종훈형제,010-7977-7174,대전 유성구 원신흥로40번길 19 (원신흥동)
이주열형제,010-3776-9133,"대전 서구 관저남로 80 (관저동, 관저어반힐스)"
이준서형제,010-3786-7155,"대전 유성구 진잠로149번길 24 (교촌동, 제이파크)"
이준서형제,010-9968-1429,"대전 유성구 상대로 16 (상대동, 도안신도시5블록트리풀시티아파트)"
이준섭형제,010-9482-0986,
이준우형제,010-8286-7155,"대전 유성구 진잠로149번길 24 (교촌동, 제이파크)"
이지연자매,010-7688-0418,"대전 유성구 동서대로 725 (원신흥동, 어울림하트)"
이지원자매,,"대전 유성구 노은로 416 (하기동, 송림마을5단지아파트)"
이지혜자매,010-2927-8432,"대전 유성구 노은동로 187 (지족동, 열매마을 아파트 6단지)"
이찬영형제,010-3615-0692,"대전 유성구 지족북로 33 (지족동, 한화꿈에그린 1블럭)"
이하나자매,010-6851-9713,"대전 동구 성남로 15 (성남동, 스마트뷰)"
이한형제,010-2112-6434,"대전 서구 월평동로 45 (월평동, 진달래아파트)"
이현규형제,010-7164-7402,"대전 유성구 상대남로 26 (상대동, 도안신도시9블록 트리풀시티아파트)"
이현우형제,010-5773-3201,대전 대덕구 중리로75번길 22 (중리동)
이혜린자매,010-2920-8445,"대전 유성구 용성로 20 (용산동, 호반써밋 그랜드파크 아파트 1BL)"
이호윤형제,010-8425-5776,
임가희자매,010-2561-2201,"대전 서구 계룡로264번길 4 (월평동, 월평타운)"
임규원형제,010-5665-6282,"대전 중구 범골로34번길 21 (호동, 성정빌라)"
임미현자매,010-5602-2799,"대전 서구 월평동로 83 (월평동, 다모아아파트)"
임서린자매,010-6543-9493,"대전 유성구 상대로 16 (상대동, 도안신도시5블록트리풀시티아파트)"
임성준형제,010-4765-3806,
임소현자매,010-2995-6351,"대전 동구 안샘로 11 (천동, 리더스시티4BL)"
임소희자매,010-2445-8571,대전 동구 중심1길 19 (신흥동)
임슬기자매,,대전 서구 원도안로207번길 16-66 (도안동)
임연지자매,010-2528-6739,대전 서구 용소로54번길 40 (도안동)
임정섭형제,010-4781-1153,"대전 유성구 문화원로37번길 48 (궁동, 발트하우스)"
임지윤자매,,"대전 유성구 봉명로 94 (봉명동, 도안신도시7단지예미지백조의호수)"
임형곤형제,010-3284-2799,"대전 서구 월평동로 83 (월평동, 다모아아파트)"
임형주형제,010-5449-2799,"대전 서구 만년로 45 (만년동, 초원아파트)"
장규진형제,010-2056-9434,대전 서구 월평서로25번길 68 (월평동)
장민주자매,,
장혜리자매,010-2210-3775,"대전 유성구 봉명로 93 (봉명동, 도안6단지 센트럴시티)"
장혜주자매,010-9818-3775,"대전 유성구 봉명로 93 (봉명동, 도안6단지 센트럴시티)"
전재형형제,010-6862-3962,"서울 노원구 한글비석로5길 62 (중계동, 중계8단지주공아파트)"
전조온자매,,
정다운자매,010-9471-7709,"대전 서구 가장로 106 (가장동, 삼성 래미안아파트)"
정림재형제,010-5849-6182,대전 중구 중앙로 28 (문화동)
정문기형제,010-3421-9179,"대전광역시 유성구 송림로 13 (하기동, 송림마을아파트1단지)"
정민성형제,,"대전 유성구 송림로 13 (하기동, 송림마을아파트1단지)"
정서현자매,010-4751-4300,"대전 대덕구 한밭대로1033번길 15 (오정동, 신동아아파트)"
정성엽형제,010-5886-7701,"대전 서구 청사로 5 (월평동, 하나로아파트)"
정세진자매,010-4071-6981,"대전 유성구 가정로 63 (신성동, 럭키하나아파트)"
정소명자매,010-5957-4329,
정수연자매,010-6763-0739,"대전 유성구 진잠로42번길 30 (원내동, 한아름아파트)"
정우정자매,010-3474-2503,대전 서구 한밭대로596번길 7 (월평동)
정유성형제,,"대전 유성구 송림로 13 (하기동, 송림마을아파트1단지)"
정의빈형제,010-3324-4062,"대전 유성구 지족동로 123 (지족동, 노은해랑숲마을6단지아파트)"
정의진형제,010-2196-6991,"대전 유성구 가정로 63 (신성동, 럭키하나아파트)"
정주리자매,010-2780-0365,대전 서구 둔산서로 65 (둔산동)
정진솔형제,010-9625-8119,대전 서구 대덕대로155번길 11 (갈마동)
정혜원자매,,"대전 중구 서문로 96 (문화동, 센트럴파크2단지아파트)"
정희중형제,010-5595-8010,"대전 유성구 원신흥로 37 (원신흥동, 도안휴먼시아10단지)"
조광연형제,010-3955-3761,"대전 중구 보문산로41번길 22 (산성동, 아가페아파트)"
조안나자매,010-6218-9975,"대전 서구 갈마로117번길 23 (갈마동, 광도푸른아파트)"
조영범형제,010-8220-8507,"대전 서구 도안동로 234 (도안동, 트리풀시티 레이크포레)"
조영재형제,010-9194-8507,대전 유성구 원신흥로55번길 66-20 (원신흥동)
조예빈자매,010-5899-0445,대전 중구 문화로133번길 12-16 (유천동)
조예슬자매,010-2338-0692,"대전 유성구 노은서로210번길 32 (지족동, 열매마을아파트4단지)"
조유빈자매,010-2985-0440,대전 중구 문화로133번길 12-16 (유천동)
조현준형제,010-9560-3565,대전 서구 대덕대로162번길 71 (갈마동)
주병준형제,010-2113-8726,"대전 서구 청사서로 41 (월평동, 백합아파트)"
지하은자매,010-6612-4395,대전 유성구 온천서로 6 (봉명동)
최강은형제,010-9214-0065,
최경선형제,010-3080-7685,"대전 유성구 가정로 43 (신성동, 삼성한울아파트)"
최고은자매,010-5847-9304,대전 유성구 덕명로98번길 21 (덕명동)
최명욱형제,010-2392-4782,대전 유성구 노은서로104번길 10 (노은동)
최미희자매,010-3207-0254,대전 서구 둔산남로181번길 4 (둔산동)
최상원형제,010-4797-2197,"대전 서구 용화5길 22 (도마동, 트윈빌)"
최서진자매,010-3598-9739,"대전 서구 동서대로 967 (내동, 코오롱아파트)"
최서진자매,010-8838-4870,
최수현형제,,"대전 유성구 반석서로 98 (반석동, 반석마을6단지아파트)"
최영주자매,010-7608-8618,"대전광역시 유성구 송림로 13 (하기동, 송림마을아파트1단지)"
최예나자매,010-7678-2206,"대전 서구 용화5길 22 (도마동, 트윈빌)"
최은정자매,010-7912-0046,"대전 서구 원도안로 100 (도안동, 도안 베르디움)"
최은지자매,010-2318-0046,"대전광역시 서구 도안동로 123 (도안동, 도안리슈빌)"
최주원형제,,충남 계룡시 신도안면 신도안3길 55 (계룡대해미르아파트)
최지용형제,,대전 대덕구 석봉로7번길 36 (석봉동)
최진규형제,010-3308-8618,대전 유성구 봉명서로 7-8 (봉명동)
최하원형제,,충남 계룡시 신도안면 신도안3길 55 (계룡대해미르아파트)
최한나자매,010-5530-5571,"대전 서구 용화5길 22 (도마동, 트윈빌)"
탁은희자매,010-7506-0091,대전 서구 도솔로308번길 4 (괴정동)
하영민형제,010-2162-3088,대전 서구 관저동로 158 (관저동)
하은빈자매,010-2237-7683,"대전 중구 보문산로227번안길 42-7 (문화동, 쌍용그린빌리지)"
하주은자매,010-4751-7683,"대전 중구 보문산로227번안길 42-7 (문화동, 쌍용그린빌리지)"
한정민자매,010-5622-8619,"대전 유성구 용산1로 99 (용산동, 호반써밋그랜드파크 4BL)"
한정우자매,010-9690-3466,"대전 유성구 용산1로 99 (용산동, 호반써밋그랜드파크 4BL)"
함승범형제,010-5019-2591,대전 동구 백룡로21번길 34 (자양동)
허두혁형제,010-3841-9104,"대전 서구 월평동로 83 (월평동, 다모아아파트)"
허수현형제,010-7411-7252,"대전 서구 관저동로 42 (관저동, 느리울마을아파트13단지)"
허예진자매,010-4088-6964,대전 서구 혜천로 100 (복수동)
허정은자매,010-9296-9104,"대전 서구 계룡로 520 (탄방동, 둔산자이아이파크)"
허정한형제,,"대전 유성구 노은로 416 (하기동, 송림마을5단지아파트)"
홍광야형제,010-9149-0764,
홍수정자매,,"대전 서구 청사서로 65 (월평동, 한아름아파트)"
홍순호형제,010-6405-5953,"대전 대덕구 중리북로 46 (법동, e편한세상 대전법동)"
홍승아자매,010-6639-6248,
홍유진자매,010-2673-6646,"대전 서구 청사서로 65 (월평동, 한아름아파트)"
홍주연자매,010-8962-8350,"대전 유성구 원신흥로 37 (원신흥동, 도안휴먼시아10단지)"
홍준수형제,010-9430-5621,
홍하솜자매,010-4662-5953,"대전 대덕구 중리북로 46 (법동, e편한세상 대전법동)"
홍해냄자매,010-7793-0764,
홍현준형제,010-6665-6318,대전 서구 신갈마로211번길 63 (갈마동)
홍현진자매,010-7414-7290,
황서희자매,010-8310-9065,"대전 서구 청사서로 29 (월평동, 샛별아파트)"
황송희자매,010-3365-7494,"대전 유성구 도안동로 422 (원신흥동, 갑천1BL 트리풀시티 힐스테이트)"
황수민형제,010-3997-0237,"대전 중구 서문로43번길 39 (문화동, 문화로얄아파트)"
황수환형제,010-9940-8234,"대전 중구 서문로43번길 39 (문화동, 문화로얄아파트)"
황인영자매,010-4481-7207,대전 유성구 대학로75번길 20 (궁동)
